exchange_trade_id;config_file_path;strategy;market;symbol;base_asset;quote_asset;timestamp;order_id;trade_type;order_type;price;amount;leverage;trade_fee;position;age
1,66E+15;conf_scenario_1.yml;rsi_bb;binance_PaperTrade;BTC-USDT;BTC;USDT;1,66E+12;buy://BTC-USDT/48b24bcc0c21397df7fb5b9f02;BUY;LIMIT;20288,81;0,0049;1;{'fee_type': 'DeductedFromReturns', 'percent': '0.001', 'percent_token': None, 'flat_fees': []};NIL;n/a
1,66E+15;conf_scenario_1.yml;rsi_bb;binance_PaperTrade;BNB-USDT;BNB;USDT;1,66E+12;buy://BNB-USDT/ea61aad6e72438af21987a9d85;BUY;LIMIT;279,8525;0,0049;1;{'fee_type': 'DeductedFromReturns', 'percent': '0.001', 'percent_token': None, 'flat_fees': []};NIL;n/a
1,66E+15;conf_scenario_1.yml;rsi_bb;binance_PaperTrade;BNB-USDT;BNB;USDT;1,66E+12;buy://BNB-USDT/6025cf2a5819d8ea5fd3949ede;BUY;LIMIT;279,8414;0,0049;1;{'fee_type': 'DeductedFromReturns', 'percent': '0.001', 'percent_token': None, 'flat_fees': []};NIL;n/a
1,66E+15;conf_scenario_1.yml;rsi_bb;binance_PaperTrade;BTC-USDT;BTC;USDT;1,66E+12;buy://BTC-USDT/b6e845b35cc2d1ad7310ea3e06;BUY;LIMIT;20287,14;0,0049;1;{'fee_type': 'DeductedFromReturns', 'percent': '0.001', 'percent_token': None, 'flat_fees': []};NIL;n/a
1,66E+15;conf_scenario_1.yml;rsi_bb;binance_PaperTrade;BTC-USDT;BTC;USDT;1,66E+12;buy://BTC-USDT/e08b0109756e7e5793783c6482;BUY;LIMIT;20286,51;0,0049;1;{'fee_type': 'DeductedFromReturns', 'percent': '0.001', 'percent_token': None, 'flat_fees': []};NIL;n/a
1,66E+15;conf_scenario_1.yml;rsi_bb;binance_PaperTrade;BNB-USDT;BNB;USDT;1,66E+12;buy://BNB-USDT/59efb00be8b863a1d1a72560ea;BUY;LIMIT;279,8414;0,0049;1;{'fee_type': 'DeductedFromReturns', 'percent': '0.001', 'percent_token': None, 'flat_fees': []};NIL;n/a
1,66E+15;conf_scenario_1.yml;rsi_bb;binance_PaperTrade;BTC-USDT;BTC;USDT;1,66E+12;buy://BTC-USDT/7235cc1620a817a1c73d7b76e7;BUY;LIMIT;20274,01;0,0049;1;{'fee_type': 'DeductedFromReturns', 'percent': '0.001', 'percent_token': None, 'flat_fees': []};NIL;n/a
1,66E+15;conf_scenario_1.yml;rsi_bb;binance_PaperTrade;BNB-USDT;BNB;USDT;1,66E+12;buy://BNB-USDT/7bc90cc7bd225fadac798a9544;BUY;LIMIT;279,8393;0,0049;1;{'fee_type': 'DeductedFromReturns', 'percent': '0.001', 'percent_token': None, 'flat_fees': []};NIL;n/a
1,66E+15;conf_scenario_1.yml;rsi_bb;binance_PaperTrade;BTC-USDT;BTC;USDT;1,66E+12;buy://BTC-USDT/e091ff025eb3cf9e3e1ea4ba02;BUY;LIMIT;20246,08;0,0049;1;{'fee_type': 'DeductedFromReturns', 'percent': '0.001', 'percent_token': None, 'flat_fees': []};NIL;n/a
1,66E+15;conf_scenario_1.yml;rsi_bb;binance_PaperTrade;BNB-USDT;BNB;USDT;1,66E+12;buy://BNB-USDT/f18424937be125db55701de2ea;BUY;LIMIT;279,25;0,0049;1;{'fee_type': 'DeductedFromReturns', 'percent': '0.001', 'percent_token': None, 'flat_fees': []};NIL;n/a
1,66E+15;conf_scenario_1.yml;rsi_bb;binance_PaperTrade;BNB-USDT;BNB;USDT;1,66E+12;buy://BNB-USDT/16d686e27396e4ebf83db9cbb1;BUY;LIMIT;278,65;0,0049;1;{'fee_type': 'DeductedFromReturns', 'percent': '0.001', 'percent_token': None, 'flat_fees': []};NIL;n/a
1,66E+15;conf_scenario_1.yml;rsi_bb;binance_PaperTrade;BTC-USDT;BTC;USDT;1,66E+12;buy://BTC-USDT/64cb974114a7846061c436930a;BUY;LIMIT;20194,55;0,0049;1;{'fee_type': 'DeductedFromReturns', 'percent': '0.001', 'percent_token': None, 'flat_fees': []};NIL;n/a
1,66E+15;conf_scenario_1.yml;rsi_bb;binance_PaperTrade;BTC-USDT;BTC;USDT;1,66E+12;buy://BTC-USDT/2c932ba99bea659a887174f027;BUY;LIMIT;20182,81;0,0049;1;{'fee_type': 'DeductedFromReturns', 'percent': '0.001', 'percent_token': None, 'flat_fees': []};NIL;n/a
1,66E+15;conf_scenario_1.yml;rsi_bb;binance_PaperTrade;BNB-USDT;BNB;USDT;1,66E+12;buy://BNB-USDT/965fde10b1e8d55fae5881a075;BUY;LIMIT;278,35;0,0049;1;{'fee_type': 'DeductedFromReturns', 'percent': '0.001', 'percent_token': None, 'flat_fees': []};NIL;n/a
1,66E+15;conf_scenario_1.yml;rsi_bb;binance_PaperTrade;BTC-USDT;BTC;USDT;1,66E+12;buy://BTC-USDT/f1479415dab612023b5d570f91;BUY;LIMIT;20265,61;0,0049;1;{'fee_type': 'DeductedFromReturns', 'percent': '0.001', 'percent_token': None, 'flat_fees': []};NIL;n/a
1,66E+15;conf_scenario_1.yml;rsi_bb;binance_PaperTrade;BNB-USDT;BNB;USDT;1,66E+12;buy://BNB-USDT/912d90f0be85b1f3c626aeec47;BUY;LIMIT;279,15;0,0049;1;{'fee_type': 'DeductedFromReturns', 'percent': '0.001', 'percent_token': None, 'flat_fees': []};NIL;n/a
1,66E+15;conf_scenario_1.yml;rsi_bb;binance_PaperTrade;BNB-USDT;BNB;USDT;1,66E+12;buy://BNB-USDT/ef5e40556c8dfb8007a4b65402;BUY;LIMIT;279,75;0,0049;1;{'fee_type': 'DeductedFromReturns', 'percent': '0.001', 'percent_token': None, 'flat_fees': []};NIL;n/a
1,66E+15;conf_scenario_1.yml;rsi_bb;binance_PaperTrade;BTC-USDT;BTC;USDT;1,66E+12;buy://BTC-USDT/67619976d5d146e8a71373de73;BUY;LIMIT;20285,86;0,0049;1;{'fee_type': 'DeductedFromReturns', 'percent': '0.001', 'percent_token': None, 'flat_fees': []};NIL;n/a
1,66E+15;conf_scenario_1.yml;rsi_bb;binance_PaperTrade;BNB-USDT;BNB;USDT;1,66E+12;buy://BNB-USDT/68c627cf570dcd91a08312ec4d;BUY;LIMIT;279,8342;0,0049;1;{'fee_type': 'DeductedFromReturns', 'percent': '0.001', 'percent_token': None, 'flat_fees': []};NIL;n/a
1,66E+15;conf_scenario_1.yml;rsi_bb;binance_PaperTrade;BNB-USDT;BNB;USDT;1,66E+12;buy://BNB-USDT/a4871f912d06f40cc91019d2fc;BUY;LIMIT;279,8362;0,0049;1;{'fee_type': 'DeductedFromReturns', 'percent': '0.001', 'percent_token': None, 'flat_fees': []};NIL;n/a
1,66E+15;conf_scenario_1.yml;rsi_bb;binance_PaperTrade;BTC-USDT;BTC;USDT;1,66E+12;buy://BTC-USDT/417150037e32e0fb56ce2c7580;BUY;LIMIT;20286,28;0,0049;1;{'fee_type': 'DeductedFromReturns', 'percent': '0.001', 'percent_token': None, 'flat_fees': []};NIL;n/a
1,66E+15;conf_scenario_1.yml;rsi_bb;binance_PaperTrade;BTC-USDT;BTC;USDT;1,66E+12;buy://BTC-USDT/0be2fd8b897ffed35baf46653e;BUY;LIMIT;20284,87;0,0049;1;{'fee_type': 'DeductedFromReturns', 'percent': '0.001', 'percent_token': None, 'flat_fees': []};NIL;n/a
1,66E+15;conf_scenario_1.yml;rsi_bb;binance_PaperTrade;BNB-USDT;BNB;USDT;1,66E+12;buy://BNB-USDT/b8fad72bb60c9e74eac20945fc;BUY;LIMIT;279,65;0,0049;1;{'fee_type': 'DeductedFromReturns', 'percent': '0.001', 'percent_token': None, 'flat_fees': []};NIL;n/a
1,66E+15;conf_scenario_1.yml;rsi_bb;binance_PaperTrade;BTC-USDT;BTC;USDT;1,66E+12;buy://BTC-USDT/ff64cfc01478d9e758229ccbc5;BUY;LIMIT;20266,12;0,0049;1;{'fee_type': 'DeductedFromReturns', 'percent': '0.001', 'percent_token': None, 'flat_fees': []};NIL;n/a
1,66E+15;conf_scenario_1.yml;rsi_bb;binance_PaperTrade;BNB-USDT;BNB;USDT;1,66E+12;buy://BNB-USDT/49650bc9ae37fe2c4303e898b8;BUY;LIMIT;278,95;0,0049;1;{'fee_type': 'DeductedFromReturns', 'percent': '0.001', 'percent_token': None, 'flat_fees': []};NIL;n/a
1,66E+15;conf_scenario_1.yml;rsi_bb;binance_PaperTrade;BNB-USDT;BNB;USDT;1,66E+12;buy://BNB-USDT/f3a5167ab581f72743c78d6ef0;BUY;LIMIT;279,45;0,0049;1;{'fee_type': 'DeductedFromReturns', 'percent': '0.001', 'percent_token': None, 'flat_fees': []};NIL;n/a
1,66E+15;conf_scenario_1.yml;rsi_bb;binance_PaperTrade;BNB-USDT;BNB;USDT;1,66E+12;buy://BNB-USDT/f236160c4be3221fff8eb708a3;BUY;LIMIT;279,05;0,0049;1;{'fee_type': 'DeductedFromReturns', 'percent': '0.001', 'percent_token': None, 'flat_fees': []};NIL;n/a
1,66E+15;conf_scenario_1.yml;rsi_bb;binance_PaperTrade;BTC-USDT;BTC;USDT;1,66E+12;buy://BTC-USDT/a8f6cadbd37dde2933dbfe7a9a;BUY;LIMIT;20286,34;0,0049;1;{'fee_type': 'DeductedFromReturns', 'percent': '0.001', 'percent_token': None, 'flat_fees': []};NIL;n/a
1,66E+15;conf_scenario_1.yml;rsi_bb;binance_PaperTrade;BNB-USDT;BNB;USDT;1,66E+12;buy://BNB-USDT/80f04df6c19d8b4444e4c58b3f;BUY;LIMIT;279,05;0,0049;1;{'fee_type': 'DeductedFromReturns', 'percent': '0.001', 'percent_token': None, 'flat_fees': []};NIL;n/a
1,66E+15;conf_scenario_1.yml;rsi_bb;binance_PaperTrade;BTC-USDT;BTC;USDT;1,66E+12;buy://BTC-USDT/d889c2de4a9435f199a9ac3613;BUY;LIMIT;20286,14;0,0049;1;{'fee_type': 'DeductedFromReturns', 'percent': '0.001', 'percent_token': None, 'flat_fees': []};NIL;n/a
1,66E+15;conf_scenario_1.yml;rsi_bb;binance_PaperTrade;BTC-USDT;BTC;USDT;1,66E+12;buy://BTC-USDT/0725abd691f219ad2cee3050a6;BUY;LIMIT;20286,2;0,0049;1;{'fee_type': 'DeductedFromReturns', 'percent': '0.001', 'percent_token': None, 'flat_fees': []};NIL;n/a
1,66E+15;conf_scenario_1.yml;rsi_bb;binance_PaperTrade;BNB-USDT;BNB;USDT;1,66E+12;buy://BNB-USDT/dccfffc779255fe26a7811a1c9;BUY;LIMIT;279,35;0,0049;1;{'fee_type': 'DeductedFromReturns', 'percent': '0.001', 'percent_token': None, 'flat_fees': []};NIL;n/a
1,66E+15;conf_scenario_1.yml;rsi_bb;binance_PaperTrade;BTC-USDT;BTC;USDT;1,66E+12;buy://BTC-USDT/434cf92a710404f6cec485f7b8;BUY;LIMIT;20286,17;0,0049;1;{'fee_type': 'DeductedFromReturns', 'percent': '0.001', 'percent_token': None, 'flat_fees': []};NIL;n/a
1,66E+15;conf_scenario_1.yml;rsi_bb;binance_PaperTrade;BTC-USDT;BTC;USDT;1,66E+12;buy://BTC-USDT/04087ddebb0122ac528cecb503;BUY;LIMIT;20277,89;0,0049;1;{'fee_type': 'DeductedFromReturns', 'percent': '0.001', 'percent_token': None, 'flat_fees': []};NIL;n/a
1,66E+15;conf_scenario_1.yml;rsi_bb;binance_PaperTrade;BNB-USDT;BNB;USDT;1,66E+12;buy://BNB-USDT/eb938a11ad9246c7f91366bfd4;BUY;LIMIT;278,85;0,0049;1;{'fee_type': 'DeductedFromReturns', 'percent': '0.001', 'percent_token': None, 'flat_fees': []};NIL;n/a
1,66E+15;conf_scenario_1.yml;rsi_bb;binance_PaperTrade;BTC-USDT;BTC;USDT;1,66E+12;buy://BTC-USDT/d38356ad8fe257b7e495fa5a0a;BUY;LIMIT;20270,28;0,0049;1;{'fee_type': 'DeductedFromReturns', 'percent': '0.001', 'percent_token': None, 'flat_fees': []};NIL;n/a
1,66E+15;conf_scenario_1.yml;rsi_bb;binance_PaperTrade;BNB-USDT;BNB;USDT;1,66E+12;buy://BNB-USDT/98d00593a2700ebfe17b8648d7;BUY;LIMIT;278,95;0,0049;1;{'fee_type': 'DeductedFromReturns', 'percent': '0.001', 'percent_token': None, 'flat_fees': []};NIL;n/a
1,66E+15;conf_scenario_1.yml;rsi_bb;binance_PaperTrade;ETH-USDT;ETH;USDT;1,66E+12;buy://ETH-USDT/8e9a25ed766b23b99b60dc1f54;BUY;LIMIT;1502,39;0,0049;1;{'fee_type': 'DeductedFromReturns', 'percent': '0.001', 'percent_token': None, 'flat_fees': []};NIL;n/a
1,66E+15;conf_scenario_1.yml;rsi_bb;binance_PaperTrade;BNB-USDT;BNB;USDT;1,66E+12;buy://BNB-USDT/639cc24d7d1d15617f9e73b744;BUY;LIMIT;277,85;0,0049;1;{'fee_type': 'DeductedFromReturns', 'percent': '0.001', 'percent_token': None, 'flat_fees': []};NIL;n/a
1,66E+15;conf_scenario_1.yml;rsi_bb;binance_PaperTrade;BTC-USDT;BTC;USDT;1,66E+12;buy://BTC-USDT/cef5c87a30e43090a09a2a3d8d;BUY;LIMIT;20185,98;0,0049;1;{'fee_type': 'DeductedFromReturns', 'percent': '0.001', 'percent_token': None, 'flat_fees': []};NIL;n/a
1,66E+15;conf_scenario_1.yml;rsi_bb;binance_PaperTrade;ETH-USDT;ETH;USDT;1,66E+12;buy://ETH-USDT/75845c2ed5a67d8b005fc5523c;BUY;LIMIT;1501,755;0,0049;1;{'fee_type': 'DeductedFromReturns', 'percent': '0.001', 'percent_token': None, 'flat_fees': []};NIL;n/a
1,66E+15;conf_scenario_1.yml;rsi_bb;binance_PaperTrade;BTC-USDT;BTC;USDT;1,66E+12;buy://BTC-USDT/1b18477d322fa802d10b7dbd0a;BUY;LIMIT;20236,2;0,0049;1;{'fee_type': 'DeductedFromReturns', 'percent': '0.001', 'percent_token': None, 'flat_fees': []};NIL;n/a
1,66E+15;conf_scenario_1.yml;rsi_bb;binance_PaperTrade;BNB-USDT;BNB;USDT;1,66E+12;buy://BNB-USDT/7f0737eaf6208431b12c60fdb5;BUY;LIMIT;278,25;0,0049;1;{'fee_type': 'DeductedFromReturns', 'percent': '0.001', 'percent_token': None, 'flat_fees': []};NIL;n/a
1,66E+15;conf_scenario_1.yml;rsi_bb;binance_PaperTrade;BTC-USDT;BTC;USDT;1,66E+12;buy://BTC-USDT/32622f82badf0b372773466972;BUY;LIMIT;20235,27;0,0049;1;{'fee_type': 'DeductedFromReturns', 'percent': '0.001', 'percent_token': None, 'flat_fees': []};NIL;n/a
1,66E+15;conf_scenario_1.yml;rsi_bb;binance_PaperTrade;BNB-USDT;BNB;USDT;1,66E+12;buy://BNB-USDT/a0a33f076fbc16b39ad3ab4691;BUY;LIMIT;278,35;0,0049;1;{'fee_type': 'DeductedFromReturns', 'percent': '0.001', 'percent_token': None, 'flat_fees': []};NIL;n/a
1,66E+15;conf_scenario_1.yml;rsi_bb;binance_PaperTrade;BTC-USDT;BTC;USDT;1,66E+12;buy://BTC-USDT/54e8997fe4cc831d5153f197ab;BUY;LIMIT;20234,06;0,0049;1;{'fee_type': 'DeductedFromReturns', 'percent': '0.001', 'percent_token': None, 'flat_fees': []};NIL;n/a
1,66E+15;conf_scenario_1.yml;rsi_bb;binance_PaperTrade;BNB-USDT;BNB;USDT;1,66E+12;buy://BNB-USDT/cf61f1026c8bc106ef703aae76;BUY;LIMIT;278,65;0,0049;1;{'fee_type': 'DeductedFromReturns', 'percent': '0.001', 'percent_token': None, 'flat_fees': []};NIL;n/a
1,66E+15;conf_scenario_1.yml;rsi_bb;binance_PaperTrade;BTC-USDT;BTC;USDT;1,66E+12;buy://BTC-USDT/006c1f463dacd00e4a200ecb1e;BUY;LIMIT;20236,67;0,0049;1;{'fee_type': 'DeductedFromReturns', 'percent': '0.001', 'percent_token': None, 'flat_fees': []};NIL;n/a
1,66E+15;conf_scenario_1.yml;rsi_bb;binance_PaperTrade;BNB-USDT;BNB;USDT;1,66E+12;buy://BNB-USDT/3f73c3b81f6061f1fdae6049b7;BUY;LIMIT;278,65;0,0049;1;{'fee_type': 'DeductedFromReturns', 'percent': '0.001', 'percent_token': None, 'flat_fees': []};NIL;n/a
1,66E+15;conf_scenario_1.yml;rsi_bb;binance_PaperTrade;BTC-USDT;BTC;USDT;1,66E+12;buy://BTC-USDT/e966ee61645251b9e94f915c6e;BUY;LIMIT;20240,38;0,0049;1;{'fee_type': 'DeductedFromReturns', 'percent': '0.001', 'percent_token': None, 'flat_fees': []};NIL;n/a
1,66E+15;conf_scenario_1.yml;rsi_bb;binance_PaperTrade;BNB-USDT;BNB;USDT;1,66E+12;buy://BNB-USDT/29061bf3d7202c107ceb24a90a;BUY;LIMIT;278,75;0,0049;1;{'fee_type': 'DeductedFromReturns', 'percent': '0.001', 'percent_token': None, 'flat_fees': []};NIL;n/a
1,66E+15;conf_scenario_1.yml;rsi_bb;binance_PaperTrade;BTC-USDT;BTC;USDT;1,66E+12;buy://BTC-USDT/9dd126151aa3bb7a3584aa75f6;BUY;LIMIT;20260,15;0,0049;1;{'fee_type': 'DeductedFromReturns', 'percent': '0.001', 'percent_token': None, 'flat_fees': []};NIL;n/a
1,66E+15;conf_scenario_1.yml;rsi_bb;binance_PaperTrade;BNB-USDT;BNB;USDT;1,66E+12;buy://BNB-USDT/a7074babb4afedab48349e2aa1;BUY;LIMIT;279,15;0,0049;1;{'fee_type': 'DeductedFromReturns', 'percent': '0.001', 'percent_token': None, 'flat_fees': []};NIL;n/a
1,66E+15;conf_scenario_1.yml;rsi_bb;binance_PaperTrade;BTC-USDT;BTC;USDT;1,66E+12;buy://BTC-USDT/e61ccf1de2ac3d9642f2c3d52d;BUY;LIMIT;20245,38;0,0049;1;{'fee_type': 'DeductedFromReturns', 'percent': '0.001', 'percent_token': None, 'flat_fees': []};NIL;n/a
1,66E+15;conf_scenario_1.yml;rsi_bb;binance_PaperTrade;BNB-USDT;BNB;USDT;1,66E+12;buy://BNB-USDT/b815d9bea3cbae5c9a2600692a;BUY;LIMIT;279,05;0,0049;1;{'fee_type': 'DeductedFromReturns', 'percent': '0.001', 'percent_token': None, 'flat_fees': []};NIL;n/a
1,66E+15;conf_scenario_1.yml;rsi_bb;binance_PaperTrade;BTC-USDT;BTC;USDT;1,66E+12;buy://BTC-USDT/59a8077d68c5bd7309ef4e19b4;BUY;LIMIT;20236,51;0,0049;1;{'fee_type': 'DeductedFromReturns', 'percent': '0.001', 'percent_token': None, 'flat_fees': []};NIL;n/a
1,66E+15;conf_scenario_1.yml;rsi_bb;binance_PaperTrade;BNB-USDT;BNB;USDT;1,66E+12;buy://BNB-USDT/c0f4714abeb34509d490aee863;BUY;LIMIT;278,65;0,0049;1;{'fee_type': 'DeductedFromReturns', 'percent': '0.001', 'percent_token': None, 'flat_fees': []};NIL;n/a
1,66E+15;conf_scenario_1.yml;rsi_bb;binance_PaperTrade;BTC-USDT;BTC;USDT;1,66E+12;buy://BTC-USDT/b2102adf717da5ec92365eaae3;BUY;LIMIT;20251,71;0,0049;1;{'fee_type': 'DeductedFromReturns', 'percent': '0.001', 'percent_token': None, 'flat_fees': []};NIL;n/a
1,66E+15;conf_scenario_1.yml;rsi_bb;binance_PaperTrade;BNB-USDT;BNB;USDT;1,66E+12;buy://BNB-USDT/67cf2edcf16690cf9b20ebca52;BUY;LIMIT;279,05;0,0049;1;{'fee_type': 'DeductedFromReturns', 'percent': '0.001', 'percent_token': None, 'flat_fees': []};NIL;n/a
1,66E+15;conf_scenario_1.yml;rsi_bb;binance_PaperTrade;BTC-USDT;BTC;USDT;1,66E+12;buy://BTC-USDT/554eb12dd21e35269010b9be44;BUY;LIMIT;20223,4;0,0049;1;{'fee_type': 'DeductedFromReturns', 'percent': '0.001', 'percent_token': None, 'flat_fees': []};NIL;n/a
1,66E+15;conf_scenario_1.yml;rsi_bb;binance_PaperTrade;BNB-USDT;BNB;USDT;1,66E+12;buy://BNB-USDT/3daacafb3b43c55186c8dd7161;BUY;LIMIT;278,55;0,0049;1;{'fee_type': 'DeductedFromReturns', 'percent': '0.001', 'percent_token': None, 'flat_fees': []};NIL;n/a
1,66E+15;conf_scenario_1.yml;rsi_bb;binance_PaperTrade;BTC-USDT;BTC;USDT;1,66E+12;buy://BTC-USDT/1ae37bdfbfd6fffab6ba05e07d;BUY;LIMIT;20222,03;0,0049;1;{'fee_type': 'DeductedFromReturns', 'percent': '0.001', 'percent_token': None, 'flat_fees': []};NIL;n/a
1,66E+15;conf_scenario_1.yml;rsi_bb;binance_PaperTrade;BNB-USDT;BNB;USDT;1,66E+12;buy://BNB-USDT/b2f8e49af3b9a082651b9d1185;BUY;LIMIT;278,45;0,0049;1;{'fee_type': 'DeductedFromReturns', 'percent': '0.001', 'percent_token': None, 'flat_fees': []};NIL;n/a
1,66E+15;conf_scenario_1.yml;rsi_bb;binance_PaperTrade;ETH-USDT;ETH;USDT;1,66E+12;buy://ETH-USDT/861299b99f95d7228da2ab5593;BUY;LIMIT;1502,344;0,0049;1;{'fee_type': 'DeductedFromReturns', 'percent': '0.001', 'percent_token': None, 'flat_fees': []};NIL;n/a
1,66E+15;conf_scenario_1.yml;rsi_bb;binance_PaperTrade;ETH-USDT;ETH;USDT;1,66E+12;buy://ETH-USDT/b36e9b09509d9b539787cd214b;BUY;LIMIT;1502,015;0,0049;1;{'fee_type': 'DeductedFromReturns', 'percent': '0.001', 'percent_token': None, 'flat_fees': []};NIL;n/a
1,66E+15;conf_scenario_1.yml;rsi_bb;binance_PaperTrade;BTC-USDT;BTC;USDT;1,66E+12;buy://BTC-USDT/57333033bb02533a7642e9912a;BUY;LIMIT;20193,12;0,0049;1;{'fee_type': 'DeductedFromReturns', 'percent': '0.001', 'percent_token': None, 'flat_fees': []};NIL;n/a
1,66E+15;conf_scenario_1.yml;rsi_bb;binance_PaperTrade;BNB-USDT;BNB;USDT;1,66E+12;buy://BNB-USDT/c46c218699a1a76e76f1a98aae;BUY;LIMIT;278,25;0,0049;1;{'fee_type': 'DeductedFromReturns', 'percent': '0.001', 'percent_token': None, 'flat_fees': []};NIL;n/a
1,66E+15;conf_scenario_1.yml;rsi_bb;binance_PaperTrade;BTC-USDT;BTC;USDT;1,66E+12;buy://BTC-USDT/d34d5a0a80e593f7604490f377;BUY;LIMIT;20182,07;0,0049;1;{'fee_type': 'DeductedFromReturns', 'percent': '0.001', 'percent_token': None, 'flat_fees': []};NIL;n/a
1,66E+15;conf_scenario_1.yml;rsi_bb;binance_PaperTrade;ETH-USDT;ETH;USDT;1,66E+12;buy://ETH-USDT/0730e1b85920683fe7cdd8fcb9;BUY;LIMIT;1501,215;0,0049;1;{'fee_type': 'DeductedFromReturns', 'percent': '0.001', 'percent_token': None, 'flat_fees': []};NIL;n/a
1,66E+15;conf_scenario_1.yml;rsi_bb;binance_PaperTrade;BNB-USDT;BNB;USDT;1,66E+12;buy://BNB-USDT/70f9f8deaa0a5bbb5aecf464cd;BUY;LIMIT;278,25;0,0049;1;{'fee_type': 'DeductedFromReturns', 'percent': '0.001', 'percent_token': None, 'flat_fees': []};NIL;n/a
1,66E+15;conf_scenario_1.yml;rsi_bb;binance_PaperTrade;ETH-USDT;ETH;USDT;1,66E+12;buy://ETH-USDT/81e323a7ab91ad730097f63ede;BUY;LIMIT;1490,545;0,0049;1;{'fee_type': 'DeductedFromReturns', 'percent': '0.001', 'percent_token': None, 'flat_fees': []};NIL;n/a
1,66E+15;conf_scenario_1.yml;rsi_bb;binance_PaperTrade;BTC-USDT;BTC;USDT;1,66E+12;buy://BTC-USDT/839021de6601ba57c67c3fba7d;BUY;LIMIT;20128,83;0,0049;1;{'fee_type': 'DeductedFromReturns', 'percent': '0.001', 'percent_token': None, 'flat_fees': []};NIL;n/a
1,66E+15;conf_scenario_1.yml;rsi_bb;binance_PaperTrade;BNB-USDT;BNB;USDT;1,66E+12;buy://BNB-USDT/27020a120f16c0b17c4488a141;BUY;LIMIT;277,45;0,0049;1;{'fee_type': 'DeductedFromReturns', 'percent': '0.001', 'percent_token': None, 'flat_fees': []};NIL;n/a
1,66E+15;conf_scenario_1.yml;rsi_bb;binance_PaperTrade;BTC-USDT;BTC;USDT;1,66E+12;buy://BTC-USDT/2567aa665105803fc4b5a4ed98;BUY;LIMIT;20172,95;0,0049;1;{'fee_type': 'DeductedFromReturns', 'percent': '0.001', 'percent_token': None, 'flat_fees': []};NIL;n/a
1,66E+15;conf_scenario_1.yml;rsi_bb;binance_PaperTrade;BNB-USDT;BNB;USDT;1,66E+12;buy://BNB-USDT/50008ef3e48ef85c232269e048;BUY;LIMIT;278,65;0,0049;1;{'fee_type': 'DeductedFromReturns', 'percent': '0.001', 'percent_token': None, 'flat_fees': []};NIL;n/a
1,66E+15;conf_scenario_1.yml;rsi_bb;binance_PaperTrade;ETH-USDT;ETH;USDT;1,66E+12;buy://ETH-USDT/5edbaf892d2d9788a783573e42;BUY;LIMIT;1497,795;0,0049;1;{'fee_type': 'DeductedFromReturns', 'percent': '0.001', 'percent_token': None, 'flat_fees': []};NIL;n/a
1,66E+15;conf_scenario_1.yml;rsi_bb;binance_PaperTrade;ETH-USDT;ETH;USDT;1,66E+12;buy://ETH-USDT/1a219816c8902be069c37c55b8;BUY;LIMIT;1497,185;0,0049;1;{'fee_type': 'DeductedFromReturns', 'percent': '0.001', 'percent_token': None, 'flat_fees': []};NIL;n/a
1,66E+15;conf_scenario_1.yml;rsi_bb;binance_PaperTrade;BTC-USDT;BTC;USDT;1,66E+12;buy://BTC-USDT/b413a8a7e230c7ca2350b9cd43;BUY;LIMIT;20159,26;0,0049;1;{'fee_type': 'DeductedFromReturns', 'percent': '0.001', 'percent_token': None, 'flat_fees': []};NIL;n/a
1,66E+15;conf_scenario_1.yml;rsi_bb;binance_PaperTrade;BNB-USDT;BNB;USDT;1,66E+12;buy://BNB-USDT/bc6b5beb04c9ec624d709bf776;BUY;LIMIT;278,45;0,0049;1;{'fee_type': 'DeductedFromReturns', 'percent': '0.001', 'percent_token': None, 'flat_fees': []};NIL;n/a
1,66E+15;conf_scenario_1.yml;rsi_bb;binance_PaperTrade;ETH-USDT;ETH;USDT;1,66E+12;buy://ETH-USDT/2ff17c7e67eebe150e66f27e2c;BUY;LIMIT;1500,195;0,0049;1;{'fee_type': 'DeductedFromReturns', 'percent': '0.001', 'percent_token': None, 'flat_fees': []};NIL;n/a
1,66E+15;conf_scenario_1.yml;rsi_bb;binance_PaperTrade;BNB-USDT;BNB;USDT;1,66E+12;buy://BNB-USDT/9db5be3131e5150e94c994bbb8;BUY;LIMIT;278,55;0,0049;1;{'fee_type': 'DeductedFromReturns', 'percent': '0.001', 'percent_token': None, 'flat_fees': []};NIL;n/a
1,66E+15;conf_scenario_1.yml;rsi_bb;binance_PaperTrade;BTC-USDT;BTC;USDT;1,66E+12;buy://BTC-USDT/84d3125cbfbfbe60d2549a9f0d;BUY;LIMIT;20207,49;0,0049;1;{'fee_type': 'DeductedFromReturns', 'percent': '0.001', 'percent_token': None, 'flat_fees': []};NIL;n/a
1,66E+15;conf_scenario_1.yml;rsi_bb;binance_PaperTrade;BNB-USDT;BNB;USDT;1,66E+12;buy://BNB-USDT/f5256eede460263721a7a23a20;BUY;LIMIT;279,15;0,0049;1;{'fee_type': 'DeductedFromReturns', 'percent': '0.001', 'percent_token': None, 'flat_fees': []};NIL;n/a
1,66E+15;conf_scenario_1.yml;rsi_bb;binance_PaperTrade;BTC-USDT;BTC;USDT;1,66E+12;buy://BTC-USDT/0004fd00958488abbed0028499;BUY;LIMIT;20209,91;0,0049;1;{'fee_type': 'DeductedFromReturns', 'percent': '0.001', 'percent_token': None, 'flat_fees': []};NIL;n/a
1,66E+15;conf_scenario_1.yml;rsi_bb;binance_PaperTrade;BNB-USDT;BNB;USDT;1,66E+12;buy://BNB-USDT/28b64c81e9e645859a5d040f12;BUY;LIMIT;279,35;0,0049;1;{'fee_type': 'DeductedFromReturns', 'percent': '0.001', 'percent_token': None, 'flat_fees': []};NIL;n/a
1,66E+15;conf_scenario_1.yml;rsi_bb;binance_PaperTrade;ETH-USDT;ETH;USDT;1,66E+12;buy://ETH-USDT/e21c376cab75397d42001ddce7;BUY;LIMIT;1502,31;0,0049;1;{'fee_type': 'DeductedFromReturns', 'percent': '0.001', 'percent_token': None, 'flat_fees': []};NIL;n/a
1,66E+15;conf_scenario_1.yml;rsi_bb;binance_PaperTrade;BTC-USDT;BTC;USDT;1,66E+12;buy://BTC-USDT/6a74e425dc8a8d50d675cd619a;BUY;LIMIT;20218,53;0,0049;1;{'fee_type': 'DeductedFromReturns', 'percent': '0.001', 'percent_token': None, 'flat_fees': []};NIL;n/a
1,66E+15;conf_scenario_1.yml;rsi_bb;binance_PaperTrade;BNB-USDT;BNB;USDT;1,66E+12;buy://BNB-USDT/cb537a71a7ffa67b0c899e636c;BUY;LIMIT;279,45;0,0049;1;{'fee_type': 'DeductedFromReturns', 'percent': '0.001', 'percent_token': None, 'flat_fees': []};NIL;n/a
1,66E+15;conf_scenario_1.yml;rsi_bb;binance_PaperTrade;BTC-USDT;BTC;USDT;1,66E+12;buy://BTC-USDT/6aca0d0696f600dbd0764771a7;BUY;LIMIT;20243,83;0,0049;1;{'fee_type': 'DeductedFromReturns', 'percent': '0.001', 'percent_token': None, 'flat_fees': []};NIL;n/a
1,66E+15;conf_scenario_1.yml;rsi_bb;binance_PaperTrade;BNB-USDT;BNB;USDT;1,66E+12;buy://BNB-USDT/a2a42b82e41e389fdcf6c662c0;BUY;LIMIT;279,65;0,0049;1;{'fee_type': 'DeductedFromReturns', 'percent': '0.001', 'percent_token': None, 'flat_fees': []};NIL;n/a
1,66E+15;conf_scenario_1.yml;rsi_bb;binance_PaperTrade;BTC-USDT;BTC;USDT;1,66E+12;buy://BTC-USDT/dfb94120cff7a3954ae30c52f8;BUY;LIMIT;20230,13;0,0049;1;{'fee_type': 'DeductedFromReturns', 'percent': '0.001', 'percent_token': None, 'flat_fees': []};NIL;n/a
1,66E+15;conf_scenario_1.yml;rsi_bb;binance_PaperTrade;BNB-USDT;BNB;USDT;1,66E+12;buy://BNB-USDT/2329d641662a4c7e270b3e9240;BUY;LIMIT;279,15;0,0049;1;{'fee_type': 'DeductedFromReturns', 'percent': '0.001', 'percent_token': None, 'flat_fees': []};NIL;n/a
1,66E+15;conf_scenario_1.yml;rsi_bb;binance_PaperTrade;BTC-USDT;BTC;USDT;1,66E+12;buy://BTC-USDT/f79379d5d1916cfc6ad296ae4d;BUY;LIMIT;20249,85;0,0049;1;{'fee_type': 'DeductedFromReturns', 'percent': '0.001', 'percent_token': None, 'flat_fees': []};NIL;n/a
1,66E+15;conf_scenario_1.yml;rsi_bb;binance_PaperTrade;BNB-USDT;BNB;USDT;1,66E+12;buy://BNB-USDT/8fc723b7f5e31bd071242d201e;BUY;LIMIT;279,45;0,0049;1;{'fee_type': 'DeductedFromReturns', 'percent': '0.001', 'percent_token': None, 'flat_fees': []};NIL;n/a
1,66E+15;conf_scenario_1.yml;rsi_bb;binance_PaperTrade;BTC-USDT;BTC;USDT;1,66E+12;buy://BTC-USDT/84fa04e78900b9b3d40a627078;BUY;LIMIT;20244,76;0,0049;1;{'fee_type': 'DeductedFromReturns', 'percent': '0.001', 'percent_token': None, 'flat_fees': []};NIL;n/a
1,66E+15;conf_scenario_1.yml;rsi_bb;binance_PaperTrade;BNB-USDT;BNB;USDT;1,66E+12;buy://BNB-USDT/5b6492eb52efb97f1c66472177;BUY;LIMIT;279,25;0,0049;1;{'fee_type': 'DeductedFromReturns', 'percent': '0.001', 'percent_token': None, 'flat_fees': []};NIL;n/a
1,66E+15;conf_scenario_1.yml;rsi_bb;binance_PaperTrade;BTC-USDT;BTC;USDT;1,66E+12;buy://BTC-USDT/7353114b884930e4b1140064f8;BUY;LIMIT;20224,5;0,0049;1;{'fee_type': 'DeductedFromReturns', 'percent': '0.001', 'percent_token': None, 'flat_fees': []};NIL;n/a
1,66E+15;conf_scenario_1.yml;rsi_bb;binance_PaperTrade;BNB-USDT;BNB;USDT;1,66E+12;buy://BNB-USDT/57086407539720264b495ec638;BUY;LIMIT;279,25;0,0049;1;{'fee_type': 'DeductedFromReturns', 'percent': '0.001', 'percent_token': None, 'flat_fees': []};NIL;n/a
1,66E+15;conf_scenario_1.yml;rsi_bb;binance_PaperTrade;BTC-USDT;BTC;USDT;1,66E+12;buy://BTC-USDT/04d9dbcf12f11c8840dce09303;BUY;LIMIT;20219,78;0,0049;1;{'fee_type': 'DeductedFromReturns', 'percent': '0.001', 'percent_token': None, 'flat_fees': []};NIL;n/a
1,66E+15;conf_scenario_1.yml;rsi_bb;binance_PaperTrade;BNB-USDT;BNB;USDT;1,66E+12;buy://BNB-USDT/cad995dec8a684b2097392d037;BUY;LIMIT;279,6366;0,0049;1;{'fee_type': 'DeductedFromReturns', 'percent': '0.001', 'percent_token': None, 'flat_fees': []};NIL;n/a
1,66E+15;conf_scenario_1.yml;rsi_bb;binance_PaperTrade;BTC-USDT;BTC;USDT;1,66E+12;buy://BTC-USDT/6de0b400d3853499aaf83fbcc1;BUY;LIMIT;20229,72;0,0049;1;{'fee_type': 'DeductedFromReturns', 'percent': '0.001', 'percent_token': None, 'flat_fees': []};NIL;n/a
1,66E+15;conf_scenario_1.yml;rsi_bb;binance_PaperTrade;BNB-USDT;BNB;USDT;1,66E+12;buy://BNB-USDT/47d7ac60a24cec77b73246faba;BUY;LIMIT;279,6408;0,0049;1;{'fee_type': 'DeductedFromReturns', 'percent': '0.001', 'percent_token': None, 'flat_fees': []};NIL;n/a
1,66E+15;conf_scenario_1.yml;rsi_bb;binance_PaperTrade;BTC-USDT;BTC;USDT;1,66E+12;buy://BTC-USDT/1a3a463af36f9cf3ec777a9420;BUY;LIMIT;20196,65;0,0049;1;{'fee_type': 'DeductedFromReturns', 'percent': '0.001', 'percent_token': None, 'flat_fees': []};NIL;n/a
1,66E+15;conf_scenario_1.yml;rsi_bb;binance_PaperTrade;BNB-USDT;BNB;USDT;1,66E+12;buy://BNB-USDT/fd4952ab717f0c9fff618a33b3;BUY;LIMIT;279,05;0,0049;1;{'fee_type': 'DeductedFromReturns', 'percent': '0.001', 'percent_token': None, 'flat_fees': []};NIL;n/a
1,66E+15;conf_scenario_1.yml;rsi_bb;binance_PaperTrade;ETH-USDT;ETH;USDT;1,66E+12;buy://ETH-USDT/dc5d692454c6421be52b1de071;BUY;LIMIT;1501,077;0,0049;1;{'fee_type': 'DeductedFromReturns', 'percent': '0.001', 'percent_token': None, 'flat_fees': []};NIL;n/a
1,66E+15;conf_scenario_1.yml;rsi_bb;binance_PaperTrade;BTC-USDT;BTC;USDT;1,66E+12;buy://BTC-USDT/1a91beec16e0f3300f53159b27;BUY;LIMIT;20231,47;0,0049;1;{'fee_type': 'DeductedFromReturns', 'percent': '0.001', 'percent_token': None, 'flat_fees': []};NIL;n/a
1,66E+15;conf_scenario_1.yml;rsi_bb;binance_PaperTrade;BNB-USDT;BNB;USDT;1,66E+12;buy://BNB-USDT/db854539e4170ac8556a49691a;BUY;LIMIT;279,35;0,0049;1;{'fee_type': 'DeductedFromReturns', 'percent': '0.001', 'percent_token': None, 'flat_fees': []};NIL;n/a
1,66E+15;conf_scenario_1.yml;rsi_bb;binance_PaperTrade;BTC-USDT;BTC;USDT;1,66E+12;buy://BTC-USDT/73da9449d279ed9b5702aa8eb0;BUY;LIMIT;20240,12;0,0049;1;{'fee_type': 'DeductedFromReturns', 'percent': '0.001', 'percent_token': None, 'flat_fees': []};NIL;n/a
1,66E+15;conf_scenario_1.yml;rsi_bb;binance_PaperTrade;BNB-USDT;BNB;USDT;1,66E+12;buy://BNB-USDT/d4c1bbdd54870b543e84779827;BUY;LIMIT;279,6376;0,0049;1;{'fee_type': 'DeductedFromReturns', 'percent': '0.001', 'percent_token': None, 'flat_fees': []};NIL;n/a
1,66E+15;conf_scenario_1.yml;rsi_bb;binance_PaperTrade;BTC-USDT;BTC;USDT;1,66E+12;buy://BTC-USDT/ae2178a80984d97302f6907224;BUY;LIMIT;20205,46;0,0049;1;{'fee_type': 'DeductedFromReturns', 'percent': '0.001', 'percent_token': None, 'flat_fees': []};NIL;n/a
1,66E+15;conf_scenario_1.yml;rsi_bb;binance_PaperTrade;BNB-USDT;BNB;USDT;1,66E+12;buy://BNB-USDT/9cffd7c8a78b5ac55251cacbf9;BUY;LIMIT;279,35;0,0049;1;{'fee_type': 'DeductedFromReturns', 'percent': '0.001', 'percent_token': None, 'flat_fees': []};NIL;n/a
1,66E+15;conf_scenario_1.yml;rsi_bb;binance_PaperTrade;ETH-USDT;ETH;USDT;1,66E+12;buy://ETH-USDT/6ebe89d01d088270d7c79bf19a;BUY;LIMIT;1501,08;0,0049;1;{'fee_type': 'DeductedFromReturns', 'percent': '0.001', 'percent_token': None, 'flat_fees': []};NIL;n/a
1,66E+15;conf_scenario_1.yml;rsi_bb;binance_PaperTrade;ETH-USDT;ETH;USDT;1,66E+12;buy://ETH-USDT/6d879dba86abec139085192dd1;BUY;LIMIT;1499,545;0,0049;1;{'fee_type': 'DeductedFromReturns', 'percent': '0.001', 'percent_token': None, 'flat_fees': []};NIL;n/a
1,66E+15;conf_scenario_1.yml;rsi_bb;binance_PaperTrade;BTC-USDT;BTC;USDT;1,66E+12;buy://BTC-USDT/eaa2c5cca0d1abf0a3d4f45584;BUY;LIMIT;20183,51;0,0049;1;{'fee_type': 'DeductedFromReturns', 'percent': '0.001', 'percent_token': None, 'flat_fees': []};NIL;n/a
1,66E+15;conf_scenario_1.yml;rsi_bb;binance_PaperTrade;BNB-USDT;BNB;USDT;1,66E+12;buy://BNB-USDT/b9fdddc2f2606a069a0beb6c9e;BUY;LIMIT;278,95;0,0049;1;{'fee_type': 'DeductedFromReturns', 'percent': '0.001', 'percent_token': None, 'flat_fees': []};NIL;n/a
1,66E+15;conf_scenario_1.yml;rsi_bb;binance_PaperTrade;BTC-USDT;BTC;USDT;1,66E+12;buy://BTC-USDT/9dd8f1e3c99b3c08b8b40b6c88;BUY;LIMIT;20182,31;0,0049;1;{'fee_type': 'DeductedFromReturns', 'percent': '0.001', 'percent_token': None, 'flat_fees': []};NIL;n/a
1,66E+15;conf_scenario_1.yml;rsi_bb;binance_PaperTrade;ETH-USDT;ETH;USDT;1,66E+12;buy://ETH-USDT/43133610b5c1752610fa17186d;BUY;LIMIT;1499,975;0,0049;1;{'fee_type': 'DeductedFromReturns', 'percent': '0.001', 'percent_token': None, 'flat_fees': []};NIL;n/a
1,66E+15;conf_scenario_1.yml;rsi_bb;binance_PaperTrade;BNB-USDT;BNB;USDT;1,66E+12;buy://BNB-USDT/4d6bcddbb8943bb9aea55d6aab;BUY;LIMIT;278,85;0,0049;1;{'fee_type': 'DeductedFromReturns', 'percent': '0.001', 'percent_token': None, 'flat_fees': []};NIL;n/a
1,66E+15;conf_scenario_1.yml;rsi_bb;binance_PaperTrade;BTC-USDT;BTC;USDT;1,66E+12;buy://BTC-USDT/b000afb8f9512659b6be9ce922;BUY;LIMIT;20168,85;0,0049;1;{'fee_type': 'DeductedFromReturns', 'percent': '0.001', 'percent_token': None, 'flat_fees': []};NIL;n/a
1,66E+15;conf_scenario_1.yml;rsi_bb;binance_PaperTrade;ETH-USDT;ETH;USDT;1,66E+12;buy://ETH-USDT/9f244331324af6bd55eaabdab3;BUY;LIMIT;1497,965;0,0049;1;{'fee_type': 'DeductedFromReturns', 'percent': '0.001', 'percent_token': None, 'flat_fees': []};NIL;n/a
1,66E+15;conf_scenario_1.yml;rsi_bb;binance_PaperTrade;BNB-USDT;BNB;USDT;1,66E+12;buy://BNB-USDT/8cb7a4ba6a7f6ecde84584e842;BUY;LIMIT;278,75;0,0049;1;{'fee_type': 'DeductedFromReturns', 'percent': '0.001', 'percent_token': None, 'flat_fees': []};NIL;n/a
1,66E+15;conf_scenario_1.yml;rsi_bb;binance_PaperTrade;BTC-USDT;BTC;USDT;1,66E+12;buy://BTC-USDT/92451d46841f2aa9767448e3a2;BUY;LIMIT;20188,56;0,0049;1;{'fee_type': 'DeductedFromReturns', 'percent': '0.001', 'percent_token': None, 'flat_fees': []};NIL;n/a
1,66E+15;conf_scenario_1.yml;rsi_bb;binance_PaperTrade;ETH-USDT;ETH;USDT;1,66E+12;buy://ETH-USDT/e499a4ff839b15b664a21aa7a2;BUY;LIMIT;1498,905;0,0049;1;{'fee_type': 'DeductedFromReturns', 'percent': '0.001', 'percent_token': None, 'flat_fees': []};NIL;n/a
1,66E+15;conf_scenario_1.yml;rsi_bb;binance_PaperTrade;BNB-USDT;BNB;USDT;1,66E+12;buy://BNB-USDT/fbdae3ee5a850941ab82afda42;BUY;LIMIT;278,95;0,0049;1;{'fee_type': 'DeductedFromReturns', 'percent': '0.001', 'percent_token': None, 'flat_fees': []};NIL;n/a
1,66E+15;conf_scenario_1.yml;rsi_bb;binance_PaperTrade;BTC-USDT;BTC;USDT;1,66E+12;buy://BTC-USDT/af9eac797f91e2945405b5b9bc;BUY;LIMIT;20192,33;0,0049;1;{'fee_type': 'DeductedFromReturns', 'percent': '0.001', 'percent_token': None, 'flat_fees': []};NIL;n/a
1,66E+15;conf_scenario_1.yml;rsi_bb;binance_PaperTrade;ETH-USDT;ETH;USDT;1,66E+12;buy://ETH-USDT/e048e2f972786905d2462a65cd;BUY;LIMIT;1498,385;0,0049;1;{'fee_type': 'DeductedFromReturns', 'percent': '0.001', 'percent_token': None, 'flat_fees': []};NIL;n/a
1,66E+15;conf_scenario_1.yml;rsi_bb;binance_PaperTrade;BNB-USDT;BNB;USDT;1,66E+12;buy://BNB-USDT/5b87ef0f23c82440dfc9f29c31;BUY;LIMIT;279,15;0,0049;1;{'fee_type': 'DeductedFromReturns', 'percent': '0.001', 'percent_token': None, 'flat_fees': []};NIL;n/a
1,66E+15;conf_scenario_1.yml;rsi_bb;binance_PaperTrade;BNB-USDT;BNB;USDT;1,66E+12;buy://BNB-USDT/7dc6eb4e3e5786e6339255fc6f;BUY;LIMIT;279,35;0,0049;1;{'fee_type': 'DeductedFromReturns', 'percent': '0.001', 'percent_token': None, 'flat_fees': []};NIL;n/a
1,66E+15;conf_scenario_1.yml;rsi_bb;binance_PaperTrade;BTC-USDT;BTC;USDT;1,66E+12;buy://BTC-USDT/6f9c42c4adbb836ef03bb5a31b;BUY;LIMIT;20203,96;0,0049;1;{'fee_type': 'DeductedFromReturns', 'percent': '0.001', 'percent_token': None, 'flat_fees': []};NIL;n/a
1,66E+15;conf_scenario_1.yml;rsi_bb;binance_PaperTrade;ETH-USDT;ETH;USDT;1,66E+12;buy://ETH-USDT/6106abd16d4c8f04d1cf3ab354;BUY;LIMIT;1500,525;0,0049;1;{'fee_type': 'DeductedFromReturns', 'percent': '0.001', 'percent_token': None, 'flat_fees': []};NIL;n/a
1,66E+15;conf_scenario_1.yml;rsi_bb;binance_PaperTrade;BTC-USDT;BTC;USDT;1,66E+12;buy://BTC-USDT/d3aa42b103202763ccd768879f;BUY;LIMIT;20157,61;0,0049;1;{'fee_type': 'DeductedFromReturns', 'percent': '0.001', 'percent_token': None, 'flat_fees': []};NIL;n/a
1,66E+15;conf_scenario_1.yml;rsi_bb;binance_PaperTrade;ETH-USDT;ETH;USDT;1,66E+12;buy://ETH-USDT/8a09531311186aaf4006f42ff7;BUY;LIMIT;1495,775;0,0049;1;{'fee_type': 'DeductedFromReturns', 'percent': '0.001', 'percent_token': None, 'flat_fees': []};NIL;n/a
1,66E+15;conf_scenario_1.yml;rsi_bb;binance_PaperTrade;BNB-USDT;BNB;USDT;1,66E+12;buy://BNB-USDT/edf31826c87215ffa1f96b8450;BUY;LIMIT;278,55;0,0049;1;{'fee_type': 'DeductedFromReturns', 'percent': '0.001', 'percent_token': None, 'flat_fees': []};NIL;n/a
1,66E+15;conf_scenario_1.yml;rsi_bb;binance_PaperTrade;BTC-USDT;BTC;USDT;1,66E+12;buy://BTC-USDT/fe2ce0383402db5f2e18be5817;BUY;LIMIT;20201,56;0,0049;1;{'fee_type': 'DeductedFromReturns', 'percent': '0.001', 'percent_token': None, 'flat_fees': []};NIL;n/a
1,66E+15;conf_scenario_1.yml;rsi_bb;binance_PaperTrade;ETH-USDT;ETH;USDT;1,66E+12;buy://ETH-USDT/a36f5582e023eae3c0c2ff6275;BUY;LIMIT;1499,385;0,0049;1;{'fee_type': 'DeductedFromReturns', 'percent': '0.001', 'percent_token': None, 'flat_fees': []};NIL;n/a
1,66E+15;conf_scenario_1.yml;rsi_bb;binance_PaperTrade;BNB-USDT;BNB;USDT;1,66E+12;buy://BNB-USDT/5d626f1de339a911fb923e224b;BUY;LIMIT;279,05;0,0049;1;{'fee_type': 'DeductedFromReturns', 'percent': '0.001', 'percent_token': None, 'flat_fees': []};NIL;n/a
1,66E+15;conf_scenario_1.yml;rsi_bb;binance_PaperTrade;BTC-USDT;BTC;USDT;1,66E+12;buy://BTC-USDT/0de69a40a493c9191fcbf48d66;BUY;LIMIT;20211,02;0,0049;1;{'fee_type': 'DeductedFromReturns', 'percent': '0.001', 'percent_token': None, 'flat_fees': []};NIL;n/a
1,66E+15;conf_scenario_1.yml;rsi_bb;binance_PaperTrade;BNB-USDT;BNB;USDT;1,66E+12;buy://BNB-USDT/186a9ce54f0b51e9a633c9790b;BUY;LIMIT;279,15;0,0049;1;{'fee_type': 'DeductedFromReturns', 'percent': '0.001', 'percent_token': None, 'flat_fees': []};NIL;n/a
1,66E+15;conf_scenario_1.yml;rsi_bb;binance_PaperTrade;ETH-USDT;ETH;USDT;1,66E+12;buy://ETH-USDT/dc90f01ec2ac8558689eacfec7;BUY;LIMIT;1501,013;0,0049;1;{'fee_type': 'DeductedFromReturns', 'percent': '0.001', 'percent_token': None, 'flat_fees': []};NIL;n/a
1,66E+15;conf_scenario_1.yml;rsi_bb;binance_PaperTrade;BTC-USDT;BTC;USDT;1,66E+12;buy://BTC-USDT/2d34a0fea37a3a2e906817a2da;BUY;LIMIT;20203,21;0,0049;1;{'fee_type': 'DeductedFromReturns', 'percent': '0.001', 'percent_token': None, 'flat_fees': []};NIL;n/a
1,66E+15;conf_scenario_1.yml;rsi_bb;binance_PaperTrade;ETH-USDT;ETH;USDT;1,66E+12;buy://ETH-USDT/4a7a5afee305d99ef360ce0499;BUY;LIMIT;1500,305;0,0049;1;{'fee_type': 'DeductedFromReturns', 'percent': '0.001', 'percent_token': None, 'flat_fees': []};NIL;n/a
1,66E+15;conf_scenario_1.yml;rsi_bb;binance_PaperTrade;BNB-USDT;BNB;USDT;1,66E+12;buy://BNB-USDT/5a3af179e2e06b7a8827aa3044;BUY;LIMIT;279,05;0,0049;1;{'fee_type': 'DeductedFromReturns', 'percent': '0.001', 'percent_token': None, 'flat_fees': []};NIL;n/a
1,66E+15;conf_scenario_1.yml;rsi_bb;binance_PaperTrade;BNB-USDT;BNB;USDT;1,66E+12;buy://BNB-USDT/d00ffeddca3640ac6ac41c2dac;BUY;LIMIT;278,55;0,0049;1;{'fee_type': 'DeductedFromReturns', 'percent': '0.001', 'percent_token': None, 'flat_fees': []};NIL;n/a
1,66E+15;conf_scenario_1.yml;rsi_bb;binance_PaperTrade;BTC-USDT;BTC;USDT;1,66E+12;buy://BTC-USDT/63f38232f6c6447b1bb9ed730e;BUY;LIMIT;20176,5;0,0049;1;{'fee_type': 'DeductedFromReturns', 'percent': '0.001', 'percent_token': None, 'flat_fees': []};NIL;n/a
1,66E+15;conf_scenario_1.yml;rsi_bb;binance_PaperTrade;ETH-USDT;ETH;USDT;1,66E+12;buy://ETH-USDT/97ba7cbda813802f1780fde648;BUY;LIMIT;1495,305;0,0049;1;{'fee_type': 'DeductedFromReturns', 'percent': '0.001', 'percent_token': None, 'flat_fees': []};NIL;n/a
1,66E+15;conf_scenario_1.yml;rsi_bb;binance_PaperTrade;ETH-USDT;ETH;USDT;1,66E+12;buy://ETH-USDT/e925f480ddc1db9ac1a9fe0328;BUY;LIMIT;1498,645;0,0049;1;{'fee_type': 'DeductedFromReturns', 'percent': '0.001', 'percent_token': None, 'flat_fees': []};NIL;n/a
1,66E+15;conf_scenario_1.yml;rsi_bb;binance_PaperTrade;BTC-USDT;BTC;USDT;1,66E+12;buy://BTC-USDT/218a90032b8c9099369e653807;BUY;LIMIT;20199,03;0,0049;1;{'fee_type': 'DeductedFromReturns', 'percent': '0.001', 'percent_token': None, 'flat_fees': []};NIL;n/a
1,66E+15;conf_scenario_1.yml;rsi_bb;binance_PaperTrade;BNB-USDT;BNB;USDT;1,66E+12;buy://BNB-USDT/163565862be4893bacbb085fcc;BUY;LIMIT;278,85;0,0049;1;{'fee_type': 'DeductedFromReturns', 'percent': '0.001', 'percent_token': None, 'flat_fees': []};NIL;n/a
1,66E+15;conf_scenario_1.yml;rsi_bb;binance_PaperTrade;BTC-USDT;BTC;USDT;1,66E+12;buy://BTC-USDT/27e2e0da2b79644c1e69830ceb;BUY;LIMIT;20215,06;0,0049;1;{'fee_type': 'DeductedFromReturns', 'percent': '0.001', 'percent_token': None, 'flat_fees': []};NIL;n/a
1,66E+15;conf_scenario_1.yml;rsi_bb;binance_PaperTrade;ETH-USDT;ETH;USDT;1,66E+12;buy://ETH-USDT/c4ea8a5ef8d9ca3e2dd96f0224;BUY;LIMIT;1500,585;0,0049;1;{'fee_type': 'DeductedFromReturns', 'percent': '0.001', 'percent_token': None, 'flat_fees': []};NIL;n/a
1,66E+15;conf_scenario_1.yml;rsi_bb;binance_PaperTrade;BNB-USDT;BNB;USDT;1,66E+12;buy://BNB-USDT/47c74bebdf75dc59d5e0dffc8c;BUY;LIMIT;279,15;0,0049;1;{'fee_type': 'DeductedFromReturns', 'percent': '0.001', 'percent_token': None, 'flat_fees': []};NIL;n/a
1,66E+15;conf_scenario_1.yml;rsi_bb;binance_PaperTrade;BTC-USDT;BTC;USDT;1,66E+12;buy://BTC-USDT/cbc4f092af2a799dacd1723002;BUY;LIMIT;20246,3;0,0049;1;{'fee_type': 'DeductedFromReturns', 'percent': '0.001', 'percent_token': None, 'flat_fees': []};NIL;n/a
1,66E+15;conf_scenario_1.yml;rsi_bb;binance_PaperTrade;BNB-USDT;BNB;USDT;1,66E+12;buy://BNB-USDT/84ab0876045b7dd7f6ad17aa48;BUY;LIMIT;279,45;0,0049;1;{'fee_type': 'DeductedFromReturns', 'percent': '0.001', 'percent_token': None, 'flat_fees': []};NIL;n/a
1,66E+15;conf_scenario_1.yml;rsi_bb;binance_PaperTrade;BTC-USDT;BTC;USDT;1,66E+12;buy://BTC-USDT/f0269ac44ccf915c9b90906a40;BUY;LIMIT;20239,47;0,0049;1;{'fee_type': 'DeductedFromReturns', 'percent': '0.001', 'percent_token': None, 'flat_fees': []};NIL;n/a
1,66E+15;conf_scenario_1.yml;rsi_bb;binance_PaperTrade;BNB-USDT;BNB;USDT;1,66E+12;buy://BNB-USDT/f519301c73ca23bdfd8533a6ac;BUY;LIMIT;279,6387;0,0049;1;{'fee_type': 'DeductedFromReturns', 'percent': '0.001', 'percent_token': None, 'flat_fees': []};NIL;n/a
1,66E+15;conf_scenario_1.yml;rsi_bb;binance_PaperTrade;BTC-USDT;BTC;USDT;1,66E+12;buy://BTC-USDT/2e9206a39da7bdc208a2f3b4ec;BUY;LIMIT;20239,88;0,0049;1;{'fee_type': 'DeductedFromReturns', 'percent': '0.001', 'percent_token': None, 'flat_fees': []};NIL;n/a
1,66E+15;conf_scenario_1.yml;rsi_bb;binance_PaperTrade;BNB-USDT;BNB;USDT;1,66E+12;buy://BNB-USDT/7111afdf8d7e8ce4dbf0668c02;BUY;LIMIT;279,55;0,0049;1;{'fee_type': 'DeductedFromReturns', 'percent': '0.001', 'percent_token': None, 'flat_fees': []};NIL;n/a
1,66E+15;conf_scenario_1.yml;rsi_bb;binance_PaperTrade;BTC-USDT;BTC;USDT;1,66E+12;buy://BTC-USDT/f007b0d74693d79bfb90737059;BUY;LIMIT;20251,99;0,0049;1;{'fee_type': 'DeductedFromReturns', 'percent': '0.001', 'percent_token': None, 'flat_fees': []};NIL;n/a
1,66E+15;conf_scenario_1.yml;rsi_bb;binance_PaperTrade;BTC-USDT;BTC;USDT;1,66E+12;buy://BTC-USDT/d111dd37bd81f0563f30309f9b;BUY;LIMIT;20249,87;0,0049;1;{'fee_type': 'DeductedFromReturns', 'percent': '0.001', 'percent_token': None, 'flat_fees': []};NIL;n/a
1,66E+15;conf_scenario_1.yml;rsi_bb;binance_PaperTrade;BTC-USDT;BTC;USDT;1,66E+12;buy://BTC-USDT/41d72fb040d106b8641d63b923;BUY;LIMIT;20259,07;0,0049;1;{'fee_type': 'DeductedFromReturns', 'percent': '0.001', 'percent_token': None, 'flat_fees': []};NIL;n/a
1,66E+15;conf_scenario_1.yml;rsi_bb;binance_PaperTrade;BTC-USDT;BTC;USDT;1,66E+12;buy://BTC-USDT/f5e45ad4c9f4b007a6fe6e0e62;BUY;LIMIT;20253,72;0,0049;1;{'fee_type': 'DeductedFromReturns', 'percent': '0.001', 'percent_token': None, 'flat_fees': []};NIL;n/a
1,66E+15;conf_scenario_1.yml;rsi_bb;binance_PaperTrade;BTC-USDT;BTC;USDT;1,66E+12;buy://BTC-USDT/a700778e1e6e0b35ac09ae8f80;BUY;LIMIT;20263,42;0,0049;1;{'fee_type': 'DeductedFromReturns', 'percent': '0.001', 'percent_token': None, 'flat_fees': []};NIL;n/a
1,66E+15;conf_scenario_1.yml;rsi_bb;binance_PaperTrade;BTC-USDT;BTC;USDT;1,66E+12;buy://BTC-USDT/ca6b2be4e7ae36cfdaa13671b2;BUY;LIMIT;20266,03;0,0049;1;{'fee_type': 'DeductedFromReturns', 'percent': '0.001', 'percent_token': None, 'flat_fees': []};NIL;n/a
1,66E+15;conf_scenario_1.yml;rsi_bb;binance_PaperTrade;BTC-USDT;BTC;USDT;1,66E+12;buy://BTC-USDT/5e1ea0b872d0a81e450aedb4b5;BUY;LIMIT;20269,19;0,0049;1;{'fee_type': 'DeductedFromReturns', 'percent': '0.001', 'percent_token': None, 'flat_fees': []};NIL;n/a
1,66E+15;conf_scenario_1.yml;rsi_bb;binance_PaperTrade;BTC-USDT;BTC;USDT;1,66E+12;buy://BTC-USDT/3a879e11752eac586e27a81793;BUY;LIMIT;20261,79;0,0049;1;{'fee_type': 'DeductedFromReturns', 'percent': '0.001', 'percent_token': None, 'flat_fees': []};NIL;n/a
1,66E+15;conf_scenario_1.yml;rsi_bb;binance_PaperTrade;BTC-USDT;BTC;USDT;1,66E+12;buy://BTC-USDT/1781fef67add3246e21d72f527;BUY;LIMIT;20269,14;0,0049;1;{'fee_type': 'DeductedFromReturns', 'percent': '0.001', 'percent_token': None, 'flat_fees': []};NIL;n/a
1,66E+15;conf_scenario_1.yml;rsi_bb;binance_PaperTrade;BTC-USDT;BTC;USDT;1,66E+12;buy://BTC-USDT/f2bdb5646c95b544987c9b9440;BUY;LIMIT;20253,24;0,0049;1;{'fee_type': 'DeductedFromReturns', 'percent': '0.001', 'percent_token': None, 'flat_fees': []};NIL;n/a
1,66E+15;conf_scenario_1.yml;rsi_bb;binance_PaperTrade;BTC-USDT;BTC;USDT;1,66E+12;buy://BTC-USDT/2653c9154ff4fa8cef41b09f3a;BUY;LIMIT;20253,21;0,0049;1;{'fee_type': 'DeductedFromReturns', 'percent': '0.001', 'percent_token': None, 'flat_fees': []};NIL;n/a
1,66E+15;conf_scenario_1.yml;rsi_bb;binance_PaperTrade;BTC-USDT;BTC;USDT;1,66E+12;buy://BTC-USDT/c863c6e170f8bb1bffa066ca13;BUY;LIMIT;20253,39;0,0049;1;{'fee_type': 'DeductedFromReturns', 'percent': '0.001', 'percent_token': None, 'flat_fees': []};NIL;n/a
1,66E+15;conf_scenario_1.yml;rsi_bb;binance_PaperTrade;ETH-USDT;ETH;USDT;1,66E+12;buy://ETH-USDT/e1b97bccea91fb539edf21d242;BUY;LIMIT;1497,119;0,0049;1;{'fee_type': 'DeductedFromReturns', 'percent': '0.001', 'percent_token': None, 'flat_fees': []};NIL;n/a
1,66E+15;conf_scenario_1.yml;rsi_bb;binance_PaperTrade;BTC-USDT;BTC;USDT;1,66E+12;buy://BTC-USDT/793612fd3264e294bf6ff44cd9;BUY;LIMIT;20219,56;0,0049;1;{'fee_type': 'DeductedFromReturns', 'percent': '0.001', 'percent_token': None, 'flat_fees': []};NIL;n/a
1,66E+15;conf_scenario_1.yml;rsi_bb;binance_PaperTrade;BTC-USDT;BTC;USDT;1,66E+12;buy://BTC-USDT/7bde90444f4de8cd6e53557a06;BUY;LIMIT;20200,01;0,0049;1;{'fee_type': 'DeductedFromReturns', 'percent': '0.001', 'percent_token': None, 'flat_fees': []};NIL;n/a
1,66E+15;conf_scenario_1.yml;rsi_bb;binance_PaperTrade;BTC-USDT;BTC;USDT;1,66E+12;buy://BTC-USDT/16fb4c2c2a8c11e40b5b4815e9;BUY;LIMIT;20200,01;0,0049;1;{'fee_type': 'DeductedFromReturns', 'percent': '0.001', 'percent_token': None, 'flat_fees': []};NIL;n/a
1,66E+15;conf_scenario_1.yml;rsi_bb;binance_PaperTrade;BTC-USDT;BTC;USDT;1,66E+12;buy://BTC-USDT/ecd094eb82efa6d2e65c167e25;BUY;LIMIT;20200,01;0,0049;1;{'fee_type': 'DeductedFromReturns', 'percent': '0.001', 'percent_token': None, 'flat_fees': []};NIL;n/a
1,66E+15;conf_scenario_1.yml;rsi_bb;binance_PaperTrade;BTC-USDT;BTC;USDT;1,66E+12;buy://BTC-USDT/f6536b73a47abe607c41e11ca2;BUY;LIMIT;20200,01;0,0049;1;{'fee_type': 'DeductedFromReturns', 'percent': '0.001', 'percent_token': None, 'flat_fees': []};NIL;n/a
1,66E+15;conf_scenario_1.yml;rsi_bb;binance_PaperTrade;BTC-USDT;BTC;USDT;1,66E+12;buy://BTC-USDT/680e919e5b3237fe5af649ddd1;BUY;LIMIT;20200,01;0,0049;1;{'fee_type': 'DeductedFromReturns', 'percent': '0.001', 'percent_token': None, 'flat_fees': []};NIL;n/a
1,66E+15;conf_scenario_1.yml;rsi_bb;binance_PaperTrade;BTC-USDT;BTC;USDT;1,66E+12;buy://BTC-USDT/18ce7671e533936e71e39506e7;BUY;LIMIT;20200,01;0,0049;1;{'fee_type': 'DeductedFromReturns', 'percent': '0.001', 'percent_token': None, 'flat_fees': []};NIL;n/a
1,66E+15;conf_scenario_1.yml;rsi_bb;binance_PaperTrade;BTC-USDT;BTC;USDT;1,66E+12;buy://BTC-USDT/de7792fc07db9daff9311457cd;BUY;LIMIT;20200,01;0,0049;1;{'fee_type': 'DeductedFromReturns', 'percent': '0.001', 'percent_token': None, 'flat_fees': []};NIL;n/a
1,66E+15;conf_scenario_1.yml;rsi_bb;binance_PaperTrade;BTC-USDT;BTC;USDT;1,66E+12;buy://BTC-USDT/f83675a14d115f16fac8f7379c;BUY;LIMIT;20200,01;0,0049;1;{'fee_type': 'DeductedFromReturns', 'percent': '0.001', 'percent_token': None, 'flat_fees': []};NIL;n/a
1,66E+15;conf_scenario_1.yml;rsi_bb;binance_PaperTrade;BTC-USDT;BTC;USDT;1,66E+12;buy://BTC-USDT/4db41c9af1ae5a6e1558671c4f;BUY;LIMIT;20200,01;0,0049;1;{'fee_type': 'DeductedFromReturns', 'percent': '0.001', 'percent_token': None, 'flat_fees': []};NIL;n/a
1,66E+15;conf_scenario_1.yml;rsi_bb;binance_PaperTrade;BTC-USDT;BTC;USDT;1,66E+12;buy://BTC-USDT/8816f026cd81747fc7f078e2dd;BUY;LIMIT;20200,01;0,0049;1;{'fee_type': 'DeductedFromReturns', 'percent': '0.001', 'percent_token': None, 'flat_fees': []};NIL;n/a
1,66E+15;conf_scenario_1.yml;rsi_bb;binance_PaperTrade;BTC-USDT;BTC;USDT;1,66E+12;buy://BTC-USDT/0b031113577b3a8d6742c2821d;BUY;LIMIT;20200,01;0,0049;1;{'fee_type': 'DeductedFromReturns', 'percent': '0.001', 'percent_token': None, 'flat_fees': []};NIL;n/a
1,66E+15;conf_scenario_1.yml;rsi_bb;binance_PaperTrade;BTC-USDT;BTC;USDT;1,66E+12;buy://BTC-USDT/52cde71d4f5ba3168d56710171;BUY;LIMIT;20200,01;0,0049;1;{'fee_type': 'DeductedFromReturns', 'percent': '0.001', 'percent_token': None, 'flat_fees': []};NIL;n/a
1,66E+15;conf_scenario_1.yml;rsi_bb;binance_PaperTrade;BTC-USDT;BTC;USDT;1,66E+12;buy://BTC-USDT/40e9fce6afda2a866f2840b28e;BUY;LIMIT;20200,01;0,0049;1;{'fee_type': 'DeductedFromReturns', 'percent': '0.001', 'percent_token': None, 'flat_fees': []};NIL;n/a
1,66E+15;conf_scenario_1.yml;rsi_bb;binance_PaperTrade;BTC-USDT;BTC;USDT;1,66E+12;buy://BTC-USDT/60c9d17ed74c7630a3b685002b;BUY;LIMIT;20200,01;0,0049;1;{'fee_type': 'DeductedFromReturns', 'percent': '0.001', 'percent_token': None, 'flat_fees': []};NIL;n/a
1,66E+15;conf_scenario_1.yml;rsi_bb;binance_PaperTrade;BTC-USDT;BTC;USDT;1,66E+12;buy://BTC-USDT/f12309c997035e5f10de99ec0f;BUY;LIMIT;20200,01;0,0049;1;{'fee_type': 'DeductedFromReturns', 'percent': '0.001', 'percent_token': None, 'flat_fees': []};NIL;n/a
1,66E+15;conf_scenario_1.yml;rsi_bb;binance_PaperTrade;BTC-USDT;BTC;USDT;1,66E+12;buy://BTC-USDT/1b1933bc40a33f55838261a3ef;BUY;LIMIT;20200,01;0,0049;1;{'fee_type': 'DeductedFromReturns', 'percent': '0.001', 'percent_token': None, 'flat_fees': []};NIL;n/a
1,66E+15;conf_scenario_1.yml;rsi_bb;binance_PaperTrade;BTC-USDT;BTC;USDT;1,66E+12;buy://BTC-USDT/f7ad14e01b705b52218334897f;BUY;LIMIT;20200,01;0,0049;1;{'fee_type': 'DeductedFromReturns', 'percent': '0.001', 'percent_token': None, 'flat_fees': []};NIL;n/a
1,66E+15;conf_scenario_1.yml;rsi_bb;binance_PaperTrade;BTC-USDT;BTC;USDT;1,66E+12;buy://BTC-USDT/47b561c4b855b3d377ddc4a5c0;BUY;LIMIT;20200,01;0,0049;1;{'fee_type': 'DeductedFromReturns', 'percent': '0.001', 'percent_token': None, 'flat_fees': []};NIL;n/a
1,66E+15;conf_scenario_1.yml;rsi_bb;binance_PaperTrade;BTC-USDT;BTC;USDT;1,66E+12;buy://BTC-USDT/95cefc4cb49892aab7650279ec;BUY;LIMIT;20200,01;0,0049;1;{'fee_type': 'DeductedFromReturns', 'percent': '0.001', 'percent_token': None, 'flat_fees': []};NIL;n/a
1,66E+15;conf_scenario_1.yml;rsi_bb;binance_PaperTrade;BTC-USDT;BTC;USDT;1,66E+12;buy://BTC-USDT/5c0b00a3731a7794b457e7ea73;BUY;LIMIT;20200,01;0,0049;1;{'fee_type': 'DeductedFromReturns', 'percent': '0.001', 'percent_token': None, 'flat_fees': []};NIL;n/a
1,66E+15;conf_scenario_1.yml;rsi_bb;binance_PaperTrade;BTC-USDT;BTC;USDT;1,66E+12;buy://BTC-USDT/a038bca97350267cf14b33e40b;BUY;LIMIT;20200,01;0,0049;1;{'fee_type': 'DeductedFromReturns', 'percent': '0.001', 'percent_token': None, 'flat_fees': []};NIL;n/a
1,66E+15;conf_scenario_1.yml;rsi_bb;binance_PaperTrade;BTC-USDT;BTC;USDT;1,66E+12;buy://BTC-USDT/b4be44e9cc4ed0cdf1f57ad1cf;BUY;LIMIT;20200,01;0,0049;1;{'fee_type': 'DeductedFromReturns', 'percent': '0.001', 'percent_token': None, 'flat_fees': []};NIL;n/a
1,66E+15;conf_scenario_1.yml;rsi_bb;binance_PaperTrade;BTC-USDT;BTC;USDT;1,66E+12;buy://BTC-USDT/aa62a1dbbf7f133229888fee93;BUY;LIMIT;20200,01;0,0049;1;{'fee_type': 'DeductedFromReturns', 'percent': '0.001', 'percent_token': None, 'flat_fees': []};NIL;n/a
1,66E+15;conf_scenario_1.yml;rsi_bb;binance_PaperTrade;BTC-USDT;BTC;USDT;1,66E+12;buy://BTC-USDT/4fb660d2f7a6157ab1af6af4f2;BUY;LIMIT;20200,01;0,0049;1;{'fee_type': 'DeductedFromReturns', 'percent': '0.001', 'percent_token': None, 'flat_fees': []};NIL;n/a
1,66E+15;conf_scenario_1.yml;rsi_bb;binance_PaperTrade;BTC-USDT;BTC;USDT;1,66E+12;buy://BTC-USDT/dece4ad5ee9055eb007b7c9779;BUY;LIMIT;20200,01;0,0049;1;{'fee_type': 'DeductedFromReturns', 'percent': '0.001', 'percent_token': None, 'flat_fees': []};NIL;n/a
1,66E+15;conf_scenario_1.yml;rsi_bb;binance_PaperTrade;BTC-USDT;BTC;USDT;1,66E+12;buy://BTC-USDT/c0cba7ac645ee25437264ed42d;BUY;LIMIT;20200,01;0,0049;1;{'fee_type': 'DeductedFromReturns', 'percent': '0.001', 'percent_token': None, 'flat_fees': []};NIL;n/a
1,66E+15;conf_scenario_1.yml;rsi_bb;binance_PaperTrade;BTC-USDT;BTC;USDT;1,66E+12;buy://BTC-USDT/5672c6bb71f20d7e7b140b12ef;BUY;LIMIT;20200,01;0,0049;1;{'fee_type': 'DeductedFromReturns', 'percent': '0.001', 'percent_token': None, 'flat_fees': []};NIL;n/a
1,66E+15;conf_scenario_1.yml;rsi_bb;binance_PaperTrade;BTC-USDT;BTC;USDT;1,66E+12;buy://BTC-USDT/1e09154862583f33a749491426;BUY;LIMIT;20200,01;0,0049;1;{'fee_type': 'DeductedFromReturns', 'percent': '0.001', 'percent_token': None, 'flat_fees': []};NIL;n/a
1,66E+15;conf_scenario_1.yml;rsi_bb;binance_PaperTrade;BTC-USDT;BTC;USDT;1,66E+12;buy://BTC-USDT/6f95eb2dfa843339a0b0839b6b;BUY;LIMIT;20200,01;0,0049;1;{'fee_type': 'DeductedFromReturns', 'percent': '0.001', 'percent_token': None, 'flat_fees': []};NIL;n/a
1,66E+15;conf_scenario_1.yml;rsi_bb;binance_PaperTrade;BTC-USDT;BTC;USDT;1,66E+12;buy://BTC-USDT/4d60a86dfed93fcb4dd3084856;BUY;LIMIT;20200,01;0,0049;1;{'fee_type': 'DeductedFromReturns', 'percent': '0.001', 'percent_token': None, 'flat_fees': []};NIL;n/a
1,66E+15;conf_scenario_1.yml;rsi_bb;binance_PaperTrade;BTC-USDT;BTC;USDT;1,66E+12;buy://BTC-USDT/515e789815903fb63af5d0128e;BUY;LIMIT;20200,01;0,0049;1;{'fee_type': 'DeductedFromReturns', 'percent': '0.001', 'percent_token': None, 'flat_fees': []};NIL;n/a
1,66E+15;conf_scenario_1.yml;rsi_bb;binance_PaperTrade;BTC-USDT;BTC;USDT;1,66E+12;buy://BTC-USDT/5d89f03a107c7031daa54f938c;BUY;LIMIT;20200,01;0,0049;1;{'fee_type': 'DeductedFromReturns', 'percent': '0.001', 'percent_token': None, 'flat_fees': []};NIL;n/a
1,66E+15;conf_scenario_1.yml;rsi_bb;binance_PaperTrade;BTC-USDT;BTC;USDT;1,66E+12;buy://BTC-USDT/61545b195165f91b8e74a0562c;BUY;LIMIT;20200,01;0,0049;1;{'fee_type': 'DeductedFromReturns', 'percent': '0.001', 'percent_token': None, 'flat_fees': []};NIL;n/a
1,66E+15;conf_scenario_1.yml;rsi_bb;binance_PaperTrade;BTC-USDT;BTC;USDT;1,66E+12;buy://BTC-USDT/168d168e6303347652cbaa2027;BUY;LIMIT;20200,01;0,0049;1;{'fee_type': 'DeductedFromReturns', 'percent': '0.001', 'percent_token': None, 'flat_fees': []};NIL;n/a
1,66E+15;conf_scenario_1.yml;rsi_bb;binance_PaperTrade;BTC-USDT;BTC;USDT;1,66E+12;buy://BTC-USDT/f64630060ff1c26598580927f5;BUY;LIMIT;20200,01;0,0049;1;{'fee_type': 'DeductedFromReturns', 'percent': '0.001', 'percent_token': None, 'flat_fees': []};NIL;n/a
1,66E+15;conf_scenario_1.yml;rsi_bb;binance_PaperTrade;BTC-USDT;BTC;USDT;1,66E+12;buy://BTC-USDT/7292869df0d3dac8ef34bb472e;BUY;LIMIT;20200,01;0,0049;1;{'fee_type': 'DeductedFromReturns', 'percent': '0.001', 'percent_token': None, 'flat_fees': []};NIL;n/a
1,66E+15;conf_scenario_1.yml;rsi_bb;binance_PaperTrade;BTC-USDT;BTC;USDT;1,66E+12;buy://BTC-USDT/b91da4f0b4478555c3886d3bfc;BUY;LIMIT;20200,01;0,0049;1;{'fee_type': 'DeductedFromReturns', 'percent': '0.001', 'percent_token': None, 'flat_fees': []};NIL;n/a
1,66E+15;conf_scenario_1.yml;rsi_bb;binance_PaperTrade;BTC-USDT;BTC;USDT;1,66E+12;buy://BTC-USDT/0e4a9925aae7580449f3d64221;BUY;LIMIT;20200,01;0,0049;1;{'fee_type': 'DeductedFromReturns', 'percent': '0.001', 'percent_token': None, 'flat_fees': []};NIL;n/a
1,66E+15;conf_scenario_1.yml;rsi_bb;binance_PaperTrade;BTC-USDT;BTC;USDT;1,66E+12;buy://BTC-USDT/8057cc2572ae148f167e80b7ec;BUY;LIMIT;20200,01;0,0049;1;{'fee_type': 'DeductedFromReturns', 'percent': '0.001', 'percent_token': None, 'flat_fees': []};NIL;n/a
1,66E+15;conf_scenario_1.yml;rsi_bb;binance_PaperTrade;BTC-USDT;BTC;USDT;1,66E+12;buy://BTC-USDT/8f00eab7562b2d000c53f1ecd3;BUY;LIMIT;20200,01;0,0049;1;{'fee_type': 'DeductedFromReturns', 'percent': '0.001', 'percent_token': None, 'flat_fees': []};NIL;n/a
1,66E+15;conf_scenario_1.yml;rsi_bb;binance_PaperTrade;BTC-USDT;BTC;USDT;1,66E+12;buy://BTC-USDT/4f4623ee9e2391e9e3d0599247;BUY;LIMIT;20200,01;0,0049;1;{'fee_type': 'DeductedFromReturns', 'percent': '0.001', 'percent_token': None, 'flat_fees': []};NIL;n/a
1,66E+15;conf_scenario_1.yml;rsi_bb;binance_PaperTrade;BTC-USDT;BTC;USDT;1,66E+12;buy://BTC-USDT/557d65caf410a90768bedc4117;BUY;LIMIT;20200,01;0,0049;1;{'fee_type': 'DeductedFromReturns', 'percent': '0.001', 'percent_token': None, 'flat_fees': []};NIL;n/a
1,66E+15;conf_scenario_1.yml;rsi_bb;binance_PaperTrade;BTC-USDT;BTC;USDT;1,66E+12;buy://BTC-USDT/ce273001717082af45fd471b39;BUY;LIMIT;20200,01;0,0049;1;{'fee_type': 'DeductedFromReturns', 'percent': '0.001', 'percent_token': None, 'flat_fees': []};NIL;n/a
1,66E+15;conf_scenario_1.yml;rsi_bb;binance_PaperTrade;BTC-USDT;BTC;USDT;1,66E+12;buy://BTC-USDT/5e2e9371290bf4b909ff0ac5c1;BUY;LIMIT;20200,01;0,0049;1;{'fee_type': 'DeductedFromReturns', 'percent': '0.001', 'percent_token': None, 'flat_fees': []};NIL;n/a
1,66E+15;conf_scenario_1.yml;rsi_bb;binance_PaperTrade;BTC-USDT;BTC;USDT;1,66E+12;buy://BTC-USDT/ab9ca35118938ce24b16dbc641;BUY;LIMIT;20200,01;0,0049;1;{'fee_type': 'DeductedFromReturns', 'percent': '0.001', 'percent_token': None, 'flat_fees': []};NIL;n/a
1,66E+15;conf_scenario_1.yml;rsi_bb;binance_PaperTrade;BTC-USDT;BTC;USDT;1,66E+12;buy://BTC-USDT/64e8528bddf2d5edec723c5556;BUY;LIMIT;20200,01;0,0049;1;{'fee_type': 'DeductedFromReturns', 'percent': '0.001', 'percent_token': None, 'flat_fees': []};NIL;n/a
1,66E+15;conf_scenario_1.yml;rsi_bb;binance_PaperTrade;BTC-USDT;BTC;USDT;1,66E+12;buy://BTC-USDT/66e21a63750099601129d08aa2;BUY;LIMIT;20200,01;0,0049;1;{'fee_type': 'DeductedFromReturns', 'percent': '0.001', 'percent_token': None, 'flat_fees': []};NIL;n/a
1,66E+15;conf_scenario_1.yml;rsi_bb;binance_PaperTrade;BTC-USDT;BTC;USDT;1,66E+12;buy://BTC-USDT/1d6f44539d5eaae0cd9e4b92b1;BUY;LIMIT;20200,01;0,0049;1;{'fee_type': 'DeductedFromReturns', 'percent': '0.001', 'percent_token': None, 'flat_fees': []};NIL;n/a
1,66E+15;conf_scenario_1.yml;rsi_bb;binance_PaperTrade;BTC-USDT;BTC;USDT;1,66E+12;buy://BTC-USDT/86fd34aa5e59d4a69e9c482c3e;BUY;LIMIT;20200,01;0,0049;1;{'fee_type': 'DeductedFromReturns', 'percent': '0.001', 'percent_token': None, 'flat_fees': []};NIL;n/a
1,66E+15;conf_scenario_1.yml;rsi_bb;binance_PaperTrade;BTC-USDT;BTC;USDT;1,66E+12;buy://BTC-USDT/2abea9136877476e6edd988046;BUY;LIMIT;20200,01;0,0049;1;{'fee_type': 'DeductedFromReturns', 'percent': '0.001', 'percent_token': None, 'flat_fees': []};NIL;n/a
1,66E+15;conf_scenario_1.yml;rsi_bb;binance_PaperTrade;BTC-USDT;BTC;USDT;1,66E+12;buy://BTC-USDT/06a97f13b4033ad7d3c8d42599;BUY;LIMIT;20200,01;0,0049;1;{'fee_type': 'DeductedFromReturns', 'percent': '0.001', 'percent_token': None, 'flat_fees': []};NIL;n/a
1,66E+15;conf_scenario_1.yml;rsi_bb;binance_PaperTrade;BTC-USDT;BTC;USDT;1,66E+12;buy://BTC-USDT/30d9bb6081c0709fea37a58681;BUY;LIMIT;20200,01;0,0049;1;{'fee_type': 'DeductedFromReturns', 'percent': '0.001', 'percent_token': None, 'flat_fees': []};NIL;n/a
1,66E+15;conf_scenario_1.yml;rsi_bb;binance_PaperTrade;BTC-USDT;BTC;USDT;1,66E+12;buy://BTC-USDT/131a7bb8e53845b696dedc22b0;BUY;LIMIT;20200,01;0,0049;1;{'fee_type': 'DeductedFromReturns', 'percent': '0.001', 'percent_token': None, 'flat_fees': []};NIL;n/a
1,66E+15;conf_scenario_1.yml;rsi_bb;binance_PaperTrade;BTC-USDT;BTC;USDT;1,66E+12;buy://BTC-USDT/7d7ac8bedd99ebffafba1925ef;BUY;LIMIT;20200,01;0,0049;1;{'fee_type': 'DeductedFromReturns', 'percent': '0.001', 'percent_token': None, 'flat_fees': []};NIL;n/a
1,66E+15;conf_scenario_1.yml;rsi_bb;binance_PaperTrade;BTC-USDT;BTC;USDT;1,66E+12;buy://BTC-USDT/3b9794089ceac01f2995ea25d6;BUY;LIMIT;20200,01;0,0049;1;{'fee_type': 'DeductedFromReturns', 'percent': '0.001', 'percent_token': None, 'flat_fees': []};NIL;n/a
1,66E+15;conf_scenario_1.yml;rsi_bb;binance_PaperTrade;BTC-USDT;BTC;USDT;1,66E+12;buy://BTC-USDT/12e0d7dd4ee936bdd3b76afbde;BUY;LIMIT;20200,01;0,0049;1;{'fee_type': 'DeductedFromReturns', 'percent': '0.001', 'percent_token': None, 'flat_fees': []};NIL;n/a
1,66E+15;conf_scenario_1.yml;rsi_bb;binance_PaperTrade;BTC-USDT;BTC;USDT;1,66E+12;buy://BTC-USDT/400d25c9e60b6f2baeb0c42d6f;BUY;LIMIT;20200,01;0,0049;1;{'fee_type': 'DeductedFromReturns', 'percent': '0.001', 'percent_token': None, 'flat_fees': []};NIL;n/a
1,66E+15;conf_scenario_1.yml;rsi_bb;binance_PaperTrade;BTC-USDT;BTC;USDT;1,66E+12;buy://BTC-USDT/3aa2c8871239c4d0df5c3edc62;BUY;LIMIT;20200,01;0,0049;1;{'fee_type': 'DeductedFromReturns', 'percent': '0.001', 'percent_token': None, 'flat_fees': []};NIL;n/a
1,66E+15;conf_scenario_1.yml;rsi_bb;binance_PaperTrade;BTC-USDT;BTC;USDT;1,66E+12;buy://BTC-USDT/342b18b3b28bddb557c017a249;BUY;LIMIT;20200,01;0,0049;1;{'fee_type': 'DeductedFromReturns', 'percent': '0.001', 'percent_token': None, 'flat_fees': []};NIL;n/a
1,66E+15;conf_scenario_1.yml;rsi_bb;binance_PaperTrade;BTC-USDT;BTC;USDT;1,66E+12;buy://BTC-USDT/683d472c7b3d3ca8793abf6708;BUY;LIMIT;20200,01;0,0049;1;{'fee_type': 'DeductedFromReturns', 'percent': '0.001', 'percent_token': None, 'flat_fees': []};NIL;n/a
1,66E+15;conf_scenario_1.yml;rsi_bb;binance_PaperTrade;BTC-USDT;BTC;USDT;1,66E+12;buy://BTC-USDT/06256a925c0687bdb7acdcfd73;BUY;LIMIT;20168,71;0,0049;1;{'fee_type': 'DeductedFromReturns', 'percent': '0.001', 'percent_token': None, 'flat_fees': []};NIL;n/a
1,66E+15;conf_scenario_1.yml;rsi_bb;binance_PaperTrade;ETH-USDT;ETH;USDT;1,66E+12;buy://ETH-USDT/6fe43c41241579e8e90cf17804;BUY;LIMIT;1494,245;0,0049;1;{'fee_type': 'DeductedFromReturns', 'percent': '0.001', 'percent_token': None, 'flat_fees': []};NIL;n/a
1,66E+15;conf_scenario_1.yml;rsi_bb;binance_PaperTrade;BNB-USDT;BNB;USDT;1,66E+12;buy://BNB-USDT/d60a2132873a0efe870946d480;BUY;LIMIT;278,7394;0,0049;1;{'fee_type': 'DeductedFromReturns', 'percent': '0.001', 'percent_token': None, 'flat_fees': []};NIL;n/a
1,66E+15;conf_scenario_1.yml;rsi_bb;binance_PaperTrade;BTC-USDT;BTC;USDT;1,66E+12;buy://BTC-USDT/94a98ee3bfe93be3bf30344d45;BUY;LIMIT;20016,85;0,0049;1;{'fee_type': 'DeductedFromReturns', 'percent': '0.001', 'percent_token': None, 'flat_fees': []};NIL;n/a
1,66E+15;conf_scenario_1.yml;rsi_bb;binance_PaperTrade;ETH-USDT;ETH;USDT;1,66E+12;buy://ETH-USDT/a3ef5f576b180c60493fe5ab9b;BUY;LIMIT;1480,406;0,0049;1;{'fee_type': 'DeductedFromReturns', 'percent': '0.001', 'percent_token': None, 'flat_fees': []};NIL;n/a
1,66E+15;conf_scenario_1.yml;rsi_bb;binance_PaperTrade;BTC-USDT;BTC;USDT;1,66E+12;buy://BTC-USDT/18ebafd6522b89757043e1888b;BUY;LIMIT;19996,89;0,0049;1;{'fee_type': 'DeductedFromReturns', 'percent': '0.001', 'percent_token': None, 'flat_fees': []};NIL;n/a
1,66E+15;conf_scenario_1.yml;rsi_bb;binance_PaperTrade;ETH-USDT;ETH;USDT;1,66E+12;buy://ETH-USDT/581d97844e7be21e1f0f91c393;BUY;LIMIT;1478,351;0,0049;1;{'fee_type': 'DeductedFromReturns', 'percent': '0.001', 'percent_token': None, 'flat_fees': []};NIL;n/a
1,66E+15;conf_scenario_1.yml;rsi_bb;binance_PaperTrade;BNB-USDT;BNB;USDT;1,66E+12;buy://BNB-USDT/ee63e5264ef47e8ae74cafdd71;BUY;LIMIT;276,92;0,0049;1;{'fee_type': 'DeductedFromReturns', 'percent': '0.001', 'percent_token': None, 'flat_fees': []};NIL;n/a
1,66E+15;conf_scenario_1.yml;rsi_bb;binance_PaperTrade;BNB-USDT;BNB;USDT;1,66E+12;buy://BNB-USDT/b66f7a4c731229aada58845b3e;BUY;LIMIT;275,7223;0,0049;1;{'fee_type': 'DeductedFromReturns', 'percent': '0.001', 'percent_token': None, 'flat_fees': []};NIL;n/a
1,66E+15;conf_scenario_1.yml;rsi_bb;binance_PaperTrade;XRP-USDT;XRP;USDT;1,66E+12;buy://XRP-USDT/c3de863a1a2e7044c43497ebaf;BUY;LIMIT;0,3211846;0,0049;1;{'fee_type': 'DeductedFromReturns', 'percent': '0.001', 'percent_token': None, 'flat_fees': []};NIL;n/a
1,66E+15;conf_scenario_1.yml;rsi_bb;binance_PaperTrade;XRP-USDT;XRP;USDT;1,66E+12;buy://XRP-USDT/ca96ba0b1203a70cfc132b7668;BUY;LIMIT;0,3209371;0,0049;1;{'fee_type': 'DeductedFromReturns', 'percent': '0.001', 'percent_token': None, 'flat_fees': []};NIL;n/a